FRD_ID,OWNER,BUILDING_NAME_LOCATION,STREET_NUMBER_GPS,STREET_NAME_GPS,SUBURB_GPS,STATE,POSTCODE,HEIGHT_RES,TOTAL_NUMBER_OF_BAYS,KERBSIDE_REF,BETWEEN_,OPEN,CLOSE,PREFERRED,URL,PHONE,COMMENTS,ROAD_DIRECTION_ACCESS,KERB,LAST_UPDATED,EDITED_BY,EDITED_ON,SHAPE,CREATED_USER,CREATED_DATE,LAST_EDITED_USER,LAST_EDITED_DATE
FRD-029,Cinema Centre,521 Kent Street,521,Kent St,Sydney,NSW,2000,2,893,KEN-08,Druitt and Liverpool,0,0,,http://www.centro-parking.com.au/cinema-centre-car-park.html,02 9264 5867,,NORTH,WEST,1/09/2016,,,"SDE.ST_GEOMETRY(1,1,9688604.6452,4422940.8525,9688604.6452,4422940.8525,NULL,NULL,NULL,NULL,0,0,33,'oracle.sql.BLOB@36e221')",,,,
FRD-030,Secure,528 Kent Street,528,Kent St,Sydney,NSW,2000,2,893,KEN-08,Druitt and Liverpool,0,0,,http://www.secureparking.com.au/car-parks/australia/nsw/sydney/528-kent-street,02 8912 4900,Parking Only avaliable for Tenants and Visitors,NORTH,EAST,1/09/2016,,,"SDE.ST_GEOMETRY(1,1,9688638.3809,4422795.3756,9688638.3809,4422795.3756,NULL,NULL,NULL,NULL,0,0,33,'oracle.sql.BLOB@1109aa1')",,,,
FRD-031,Secure,ADC House,189,Kent St,Sydney,NSW,2000,1.8,110,KEN-02,Clarence and Margaret,700,1900,,http://www.secureparking.com.au/car-parks/australia/nsw/sydney/adc-house,02 8912 4900,,NORTH/SOUTH,WEST,1/09/2016,,,"SDE.ST_GEOMETRY(1,1,9688548.5299,4424220.2409,9688548.5299,4424220.2409,NULL,NULL,NULL,NULL,0,0,33,'oracle.sql.BLOB@147ec45')",,,,
FRD-032,Sun Parking,261-293 Kent Street,261,Kent St,Sydney,NSW,2000,2,642,KEN-03,Margaret and Erskine,930,0,,http://www.carparking.info/Sydney/Sun-Parking-Westpac-Place-Kent-Street/275-Kent-Street#.VWUL7U-eDGc,02 9299 2998,,NORTH/SOUTH,WEST,1/09/2016,,,"SDE.ST_GEOMETRY(1,1,9688563.0052,4423880.2821,9688563.0052,4423880.2821,NULL,NULL,NULL,NULL,0,0,33,'oracle.sql.BLOB@195da4b')",,,,
FRD-033,Wilson,55 Clarence Street,196,Kent St,Sydney,NSW,2000,1.8,111,KEN-02,Clarence and Margaret,700,1900,,https://www.wilsonparking.com.au/park/2074_55-Clarence-St-Car-Park_55-Clarence-St-Sydney,02 9006 3200,,SOUTH,EAST,1/09/2016,,,"SDE.ST_GEOMETRY(1,1,9688568.0136,4424039.1265,9688568.0136,4424039.1265,NULL,NULL,NULL,NULL,0,0,33,'oracle.sql.BLOB@31c9f7')",,,,
FRD-035,Wilson,383 Kent Street,383,Kent St,Sydney,NSW,2000,2.1,56,KEN-05,King and Market,0,0,,https://www.wilsonparking.com.au/park/2235_383-Kent-St-Car-Park_383-Kent-Street-Sydney,02 9006 3200,,NORTH,WEST,1/09/2016,,,"SDE.ST_GEOMETRY(1,1,9688581.4417,4423465.7421,9688581.4417,4423465.7421,NULL,NULL,NULL,NULL,0,0,33,'oracle.sql.BLOB@12c4454')",,,,
FRD-036,Wilson,Citipark,431,Kent St,Sydney,NSW,2000,2,643,KEN-06,Market and Druitt,0,0,TRUE,https://www.wilsonparking.com.au/park/2021_Citipark-Car-Park_431-Kent-Street-Sydney,02 9006 3200,,NORTH,WEST,1/09/2016,,,"SDE.ST_GEOMETRY(1,1,9688595.3117,4423338.512,9688595.3117,4423338.512,NULL,NULL,NULL,NULL,0,0,33,'oracle.sql.BLOB@507e6d')",,,,
FRD-037,Wilson,St Andrew's House,464,Kent St,Sydney,NSW,2000,1.85,243,KEN-07,Druitt and Bathurst,600,0,TRUE,https://www.wilsonparking.com.au/park/2202_St-Andrews-House---Town-Hall-Car-Park_464-Kent-Street-Sydney,02 9006 3200,Height restriction is 3.6m on entry level; all other levels are 1.85m high,NORTH,EAST,1/09/2016,,,"SDE.ST_GEOMETRY(1,1,9688630.1598,4423068.5484,9688630.1598,4423068.5484,NULL,NULL,NULL,NULL,0,0,33,'oracle.sql.BLOB@9319a1')",,,,
FRD-038,Secure,135 King St,135,King St,Sydney,NSW,2000,2,55,KIN-06,Pitt and Castlereagh,630,1830,,http://www.secureparking.com.au/car-parks/australia/nsw/sydney/135-king-street,02 8912 4900,Parking Only avaliable for Tenants and Visitors,EAST,SOUTH,1/09/2016,,,"SDE.ST_GEOMETRY(1,1,9688976.2299,4423559.5156,9688976.2299,4423559.5156,NULL,NULL,NULL,NULL,0,0,33,'oracle.sql.BLOB@2151f9')",,,,
FRD-039,Wilson,MLC Centre Car Park,108,King St,Sydney,NSW,2000,1.85,285,KIN-06,Pitt and Castlereagh,600,0,,https://www.wilsonparking.com.au/park/2078_MLC-Centre-Car-Park_108-King-Street-Sydney,02 9006 3200,,EAST,NORTH,1/09/2016,,,"SDE.ST_GEOMETRY(1,1,9688978.1641,4423579.9562,9688978.1641,4423579.9562,NULL,NULL,NULL,NULL,0,0,33,'oracle.sql.BLOB@1dd0b4c')",,,,
FRD-040,Wilson,259 George Street,9,Lang St,Sydney,NSW,2000,2.02,119,LAN-01,Grosvenor and Jamison,600,0,,https://www.wilsonparking.com.au/park/2159_259-George-St-Car-Park_9-Lang-Street-Sydney,02 9006 3200,,NORTH/SOUTH,EAST,1/09/2016,,,"SDE.ST_GEOMETRY(1,1,9688739.6215,4424135.0292,9688739.6215,4424135.0292,NULL,NULL,NULL,NULL,0,0,33,'oracle.sql.BLOB@87fb3d')",,,,
FRD-041,Secure,The Wharf,10,Lincoln Cres,Woolloomooloo,NSW,2011,1.9,91,LIN-01,Cowper Wharf and end,930,0,,http://www.secureparking.com.au/car-parks/australia/nsw/sydney/woolloomooloo,02 8912 4900,,SOUTH,EAST,1/09/2016,,,"SDE.ST_GEOMETRY(1,1,9689957.5003,4423710.8989,9689957.5003,4423710.8989,NULL,NULL,NULL,NULL,0,0,33,'oracle.sql.BLOB@a2314d')",,,,
FRD-042,Mercure Hotel,Mercure Hotel,12,Little Regent St,Chippendale,NSW,2008,2.1,118,LTR-01,George and Lee,0,0,,http://www.mercuresydney.com.au/location-en.html,02 9217 6666 ,,SOUTH,EAST,1/09/2016,,,"SDE.ST_GEOMETRY(1,1,9688369.4764,4421906.6459,9688369.4764,4421906.6459,NULL,NULL,NULL,NULL,0,0,33,'oracle.sql.BLOB@1038ebf')",,,,
FRD-043,Metro Parking Management,Sydney Eye Hospital,8,Macquarie  St,Sydney,NSW,2000,1.9,377,MAC-06,Hunter and St James,630,2130,,http://www.metroparking.com.au/cms-new-south-wales/sydney-eye-hospital.phps,02 9223 1166,,NORTH/SOUTH,EAST,1/09/2016,,,"SDE.ST_GEOMETRY(1,1,9689307.0998,4423667.8417,9689307.0998,4423667.8417,NULL,NULL,NULL,NULL,0,0,33,'oracle.sql.BLOB@1e8500a')",,,,
FRD-015,Secure,60 Elizabeth St,60,Elizabeth St,Sydney,NSW,2000,1.9,135,ELI-01,Hunter and King,0,0,,http://www.secureparking.com.au/car-parks/australia/nsw/sydney/60-elizabeth-street,02 8912 4900,,NORTH/SOUTH,EAST,1/09/2016,,,"SDE.ST_GEOMETRY(1,1,9689147.5362,4423650.3212,9689147.5362,4423650.3212,NULL,NULL,NULL,NULL,0,0,33,'oracle.sql.BLOB@12eba22')",,,,
FRD-016,Wilson,Grosvenor Place,7,Essex St,The Rocks,NSW,2000,2,552,ESS-01,Harrington and George,600,2000,,https://www.wilsonparking.com.au/park/2086_grosvenor-place-car-park_7-essex-street-the-rocks,02 9006 3200,,EAST/WEST,SOUTH,1/09/2016,,,"SDE.ST_GEOMETRY(1,1,9688866.4547,4424320.5747,9688866.4547,4424320.5747,NULL,NULL,NULL,NULL,0,0,33,'oracle.sql.BLOB@ca239f')",,,,
FRD-017,Wilson,155 George Street,155,George St,The Rocks,NSW,2000,2,131,GEO-03,Hickson and Alfred,600,0,,https://www.wilsonparking.com.au/park/2155_155-george-st-car-park_155-george-street-the-rocks,02 9006 3200,,NORTH/SOUTH,WEST,1/09/2016,,,"SDE.ST_GEOMETRY(1,1,9688967.6232,4424459.2397,9688967.6232,4424459.2397,NULL,NULL,NULL,NULL,0,0,33,'oracle.sql.BLOB@a1ba9')",,,,
FRD-018,Wilson,Overseas Passenger Terminal,130,George St,The Rocks,NSW,2000,4.3,102,GEO-02,Hickson and Alfred,0,0,,https://www.wilsonparking.com.au/park/2208_Overseas-Passenger-Terminal-Car-Park_130-George-St-The-Rocks-,02 9006 3200,,NORTH/SOUTH,EAST,1/09/2016,,,"SDE.ST_GEOMETRY(1,1,9689018.6749,4424649.1684,9689018.6749,4424649.1684,NULL,NULL,NULL,NULL,0,0,33,'oracle.sql.BLOB@e716eb')",,,,
FRD-019,Secure,Goulburn Street Parking Station,101,Goulburn St,Haymarket,NSW,2000,1.98,735,GOU-05,Castlereagh and Elizabeth,600,0,,http://www.secureparking.com.au/car-parks/australia/nsw/sydney/goulburn-street,02 8912 4900,,WEST,SOUTH,1/09/2016,,,"SDE.ST_GEOMETRY(1,1,9688941.6669,4422516.235,9688941.6669,4422516.235,NULL,NULL,NULL,NULL,0,0,33,'oracle.sql.BLOB@1e1e5e3')",,,,
FRD-020,Secure,World Square (Goulbourn Street),50,Goulburn St,Sydney,NSW,2000,2.2,359,GOU-03,George and Pitt,700,100,,http://www.secureparking.com.au/car-parks/australia/nsw/sydney/world-square,02 8912 4900,,EAST,NORTH,1/09/2016,,,"SDE.ST_GEOMETRY(1,1,9688680.6057,4422608.0535,9688680.6057,4422608.0535,NULL,NULL,NULL,NULL,0,0,33,'oracle.sql.BLOB@7c7c8d')",,,,
FRD-021,Wilson,Darling Quarter,1,Harbour St,Sydney,NSW,2000,2.2,588,HBR-01,Bathurst and Liverpool,0,0,,https://www.wilsonparking.com.au/park/2201_Darling-Quarter-Car-Park_111-Harbour-Street-Sydney,02 9006 3200,,NORTH,WEST,1/09/2016,,,"SDE.ST_GEOMETRY(1,1,9688412.3327,4422973.551,9688412.3327,4422973.551,NULL,NULL,NULL,NULL,0,0,33,'oracle.sql.BLOB@1551d68')",,,,
FRD-023,Wilson,Clocktower Car Park,55,Harrington St,The Rocks,NSW,2000,2,132,HAR-02,Argyle and Essex,600,100,,https://www.wilsonparking.com.au/park/2186_Clocktower-Car-Park_55-Harrington-Street-The-Rocks,02 9006 3200,,SOUTH,WEST,1/09/2016,,,"SDE.ST_GEOMETRY(1,1,9688916.3493,4424553.0294,9688916.3493,4424553.0294,NULL,NULL,NULL,NULL,0,0,33,'oracle.sql.BLOB@18896b4')",,,,
FRD-024,Wilson,Quay West,111,Harrington St,The Rocks,NSW,2000,2,600,HAR-02,Argyle and Essex,630,100,,https://www.wilsonparking.com.au/park/2176_Quay-West-Car-Park_111-Harrington-St-Sydney,02 9006 3200,,NORTH/SOUTH,WEST,1/09/2016,,,"SDE.ST_GEOMETRY(1,1,9688844.7392,4424393.3754,9688844.7392,4424393.3754,NULL,NULL,NULL,NULL,0,0,33,'oracle.sql.BLOB@183c799')",,,,
FRD-026,Wilson,Barangaroo Point car park,25,Hickson Rd,Millers Point,NSW,2000,2.1,188,HIC-01,Towns Pl and Windmill,500,0,,https://www.wilsonparking.com.au/park/2143_Towns-Place_Towns-Place-Walsh-Bay,02 9006 3200,,NORTH/SOUTH,WEST,1/09/2016,,,"SDE.ST_GEOMETRY(1,1,9688474.2053,4424889.8168,9688474.2053,4424889.8168,NULL,NULL,NULL,NULL,0,0,33,'oracle.sql.BLOB@ff30e2')",,,,
FRD-027,Secure,Amora Hotel,11,Jamison St,Sydney,NSW,2000,2,89,JAM-01,York and George,700,2300,,http://www.secureparking.com.au/car-parks/australia/nsw/sydney/amora-hotel,02 8912 4900,,WEST,SOUTH,1/09/2016,,,"SDE.ST_GEOMETRY(1,1,9688760.1379,4424072.4253,9688760.1379,4424072.4253,NULL,NULL,NULL,NULL,0,0,33,'oracle.sql.BLOB@11f6428')",,,,
FRD-028,Secure,Met Centre,30,Jamison St,Sydney,NSW,2000,2.1,155,JAM-01,York and George,700,1900,,http://www.secureparking.com.au/car-parks/australia/nsw/sydney/met-centre,02 8912 4900,,WEST,SOUTH,1/09/2016,,,"SDE.ST_GEOMETRY(1,1,9688822.2472,4424091.4397,9688822.2472,4424091.4397,NULL,NULL,NULL,NULL,0,0,33,'oracle.sql.BLOB@59a583')",,,,
FRD-001,Sir Stamford Hotel,93 Macquarie Street,2,Albert St,Sydney,NSW,2000,2.1,94,ALB-01,Philip and Macquarie,0,0,,http://www.stamford.com.au/sscq/location/hotel-parking-and-transfers,02 9252 4600,,EAST/WEST,SOUTH,1/09/2016,,,"SDE.ST_GEOMETRY(1,1,9689359.2652,4424311.7945,9689359.2652,4424311.7945,NULL,NULL,NULL,NULL,0,0,33,'oracle.sql.BLOB@c305a8')",,,,
FRD-003,Wilson,No. 1 OConnell St Car Park,3,Bent St,Sydney,NSW,2000,2.1,100,BEN-01,Gresham and Loftus,600,1900,,https://www.wilsonparking.com.au/park/2150_No.-1-OConnell-St-Car-Park_3-Bent-Street-Sydney,02 9006 3200,,EAST/WEST,SOUTH,1/09/2016,,,"SDE.ST_GEOMETRY(1,1,9689082.3869,4424076.7396,9689082.3869,4424076.7396,NULL,NULL,NULL,NULL,0,0,33,'oracle.sql.BLOB@6d569b')",,,,
FRD-004,Wilson,The Chifley Tower,27,Bent St,Sydney,NSW,2000,2.2,362,BEN-04,Phillip and Macquarie,700,2130,,https://www.wilsonparking.com.au/park/2157_the-chifley-tower-car-park_2-chifley-square-sydney,02 9006 3200,,EAST/WEST,SOUTH,1/09/2016,,,"SDE.ST_GEOMETRY(1,1,9689272.0983,4423958.3993,9689272.0983,4423958.3993,NULL,NULL,NULL,NULL,0,0,33,'oracle.sql.BLOB@17df757')",,,,
FRD-005,Secure,Sofitel Wentworth Hotel,15,Bligh St,Sydney,NSW,2000,2.5,173,BLI-01,Bent and Hunter,600,0,,http://www.secureparking.com.au/car-parks/australia/nsw/sydney/sofitel-wentworth-hotel,02 8912 4900,,NORTH/SOUTH,EAST,1/09/2016,,,"SDE.ST_GEOMETRY(1,1,9689164.088,4423962.0904,9689164.088,4423962.0904,NULL,NULL,NULL,NULL,0,0,33,'oracle.sql.BLOB@13a437f')",,,,
FRD-006,Wilson,Australia Square,31,Bond St,Sydney,NSW,2000,1.75,380,BON-01,George and Pitt,600,30,,https://www.wilsonparking.com.au/park/2077_australia-square-car-park_bond-street-sydney-2000,02 9006 3200,,EAST/WEST,SOUTH,1/09/2016,,,"SDE.ST_GEOMETRY(1,1,9688933.0702,4424042.7201,9688933.0702,4424042.7201,NULL,NULL,NULL,NULL,0,0,33,'oracle.sql.BLOB@1ba32e3')",,,,
FRD-007,Capitol Square,Capitol Square,3,Campbell St,Haymarket,NSW,2000,2.1,130,CAM-01,George and Pitt,700,0,,http://www.capitolsquare.com.au/services/capitol_square_carpark.php,02 9211 9421,,WEST,SOUTH,1/09/2016,,,"SDE.ST_GEOMETRY(1,1,9688653.8353,4422446.4249,9688653.8353,4422446.4249,NULL,NULL,NULL,NULL,0,0,33,'oracle.sql.BLOB@1da7d56')",,,,
FRD-008,Secure,Piccadilly,133,Castlereagh St,Sydney,NSW,2000,1.8,231,CAS-04,Market and Park,600,100,TRUE,http://www.secureparking.com.au/car-parks/australia/nsw/sydney/piccadilly,02 8912 4900,,SOUTH,WEST,1/09/2016,,,"SDE.ST_GEOMETRY(1,1,9689014.5318,4423297.8847,9689014.5318,4423297.8847,NULL,NULL,NULL,NULL,0,0,33,'oracle.sql.BLOB@151de22')",,,,
FRD-009,Sheraton,Sheraton,138,Castlereagh St,Sydney,NSW,2000,1.9,115,CAS-04,Market and Park,0,0,,http://www.sheratonontheparksydney.com/en/carparkingsydney,02 9286 6608,,SOUTH,EAST,1/09/2016,,,"SDE.ST_GEOMETRY(1,1,9689019.2217,4423262.7586,9689019.2217,4423262.7586,NULL,NULL,NULL,NULL,0,0,33,'oracle.sql.BLOB@9258c7')",,,,
FRD-011,Secure,The Bowlers Club,168,Clarence St,Sydney,NSW,2000,1.8,70,CLA-06,King and Market,700,2300,,http://www.secureparking.com.au/car-parks/australia/nsw/sydney/bowlers-club,02 8912 4900,,NORTH,EAST,1/09/2016,,,"SDE.ST_GEOMETRY(1,1,9688668.7241,4423459.1102,9688668.7241,4423459.1102,NULL,NULL,NULL,NULL,0,0,33,'oracle.sql.BLOB@1fdf943')",,,,
FRD-012,Wilson,St Martins Tower,190,Clarence St,Sydney,NSW,2000,2,163,CLA-07,Market and Park,700,2200,,https://www.wilsonparking.com.au/park/2135_st-martins-tower-car-park_190202-clarence-street-sydney,02 9006 3200,,NORTH,EAST,1/09/2016,,,"SDE.ST_GEOMETRY(1,1,9688682.2266,4423335.1888,9688682.2266,4423335.1888,NULL,NULL,NULL,NULL,0,0,33,'oracle.sql.BLOB@194b329')",,,,
FRD-013,Secure,1 Dixon Street,6,Harbour St,Sydney,NSW,2000,2.2,88,HBR-02,Liverpool and Goulburn,0,0,,http://www.secureparking.com.au/car-parks/australia/nsw/sydney/number-1-dixon-street,02 8912 4900,,SOUTH,EAST,1/09/2016,,,"SDE.ST_GEOMETRY(1,1,9688462.1552,4422790.9819,9688462.1552,4422790.9819,NULL,NULL,NULL,NULL,0,0,33,'oracle.sql.BLOB@1b12ea')",,,,
FRD-044,Secure,Park House,187,Macquarie  St,Sydney,NSW,2000,1.85,14,MAC-05,Hunter and St James,700,1930,,http://www.secureparking.com.au/car-parks/australia/nsw/sydney/parkhouse,02 8912 4900,,NORTH/SOUTH,WEST,1/09/2016,,,"SDE.ST_GEOMETRY(1,1,9689280.9314,4423780.585,9689280.9314,4423780.585,NULL,NULL,NULL,NULL,0,0,33,'oracle.sql.BLOB@f4817d')",,,,
FRD-045,Wilson,Sydney Opera House,2,Macquarie  St,Sydney,NSW,2000,2.1,1153,MAC-01,Albert and end,0,0,,https://www.wilsonparking.com.au/park/2139_Sydney-Opera-House-Car-Park_2A-Macquarie-St-Sydney,02 9006 3200,,NORTH/SOUTH,EAST,1/09/2016,,,"SDE.ST_GEOMETRY(1,1,9689478.3295,4424683.6879,9689478.3295,4424683.6879,NULL,NULL,NULL,NULL,0,0,33,'oracle.sql.BLOB@b5441b')",,,,
FRD-046,Wilson,175 Liverpool St,26,Nithsdale St,Sydney,NSW,2000,1.94,266,NIT-01,Clarke and Goulburn,700,0,,https://www.wilsonparking.com.au/park/2024_175-Liverpool-St-Car-Park_26-Nithsdale-Street-Sydney,02 9006 3200,,NORTH,EAST,1/09/2016,,,"SDE.ST_GEOMETRY(1,1,9689063.9022,4422599.5923,9689063.9022,4422599.5923,NULL,NULL,NULL,NULL,0,0,33,'oracle.sql.BLOB@1ca76fe')",,,,
FRD-047,Secure,6-10 O'Connell Street,6,O'Connell St,Sydney,NSW,2000,1.9,108,OCO-01,Bent and Hunter,700,1830,,http://www.secureparking.com.au/car-parks/australia/nsw/sydney/6-10-o-connell-street,02 8912 4900,,SOUTH,EAST,1/09/2016,,,"SDE.ST_GEOMETRY(1,1,9689107.576,4424019.9357,9689107.576,4424019.9357,NULL,NULL,NULL,NULL,0,0,33,'oracle.sql.BLOB@3e470')",,,,
FRD-048,Wilson,1 Bligh Street,4,O'Connell St,Sydney,NSW,2000,2.1,100,OCO-01,Bent and Hunter,600,1900,,https://www.wilsonparking.com.au/park/2240_1-Bligh-St-Car-Park_OConnell-Street-Sydney,02 9006 3200,,SOUTH,EAST,1/09/2016,,,"SDE.ST_GEOMETRY(1,1,9689116.6341,4424028.887,9689116.6341,4424028.887,NULL,NULL,NULL,NULL,0,0,33,'oracle.sql.BLOB@1a850c5')",,,,
FRD-049,Enacom,Intercontinental Hotel,40,Phillip St,Sydney,NSW,2000,2.38,116,PHI-01,Alfred and Bridge,600,2300,,http://www.enacon.com.au/,02 9380 8851,,NORTH/SOUTH,EAST,1/09/2016,,,"SDE.ST_GEOMETRY(1,1,9689295.6518,4424218.8665,9689295.6518,4424218.8665,NULL,NULL,NULL,NULL,0,0,33,'oracle.sql.BLOB@7d1d29')",,,,
FRD-050,Wilson,Governor Phillip Tower,43,Phillip St,Sydney,NSW,2000,2.01,629,PHI-02,Bridge and Bent,600,2100,,https://www.wilsonparking.com.au/park/2137_Governor-Phillip-Tower-Car-Park_43-Phillip-St-Sydney,02 9006 3200,,NORTH/SOUTH,WEST,1/09/2016,,,"SDE.ST_GEOMETRY(1,1,9689249.9953,4424071.9544,9689249.9953,4424071.9544,NULL,NULL,NULL,NULL,0,0,33,'oracle.sql.BLOB@b965a3')",,,,
FRD-051,Secure,131 Macquarie Street,1,Phillip Ln,Sydney,NSW,2000,1.9,74,PHL-01,Aurora and Philip,700,0,,http://www.secureparking.com.au/car-parks/australia/nsw/sydney/131-macquarie-street,02 8912 4900,,NORTH,EAST,1/09/2016,,,"SDE.ST_GEOMETRY(1,1,9689331.7262,4424109.2174,9689331.7262,4424109.2174,NULL,NULL,NULL,NULL,0,0,33,'oracle.sql.BLOB@fa4add')",,,,
FRD-052,Secure,109 Pitt Street,109,Pitt St,Sydney,NSW,2000,1.9,112,PIT-04,Hunter and King,630,0,,http://www.secureparking.com.au/car-parks/australia/nsw/sydney/109-pitt-street,02 8912 4900,,SOUTH,WEST,1/09/2016,,,"SDE.ST_GEOMETRY(1,1,9688933.7592,4423880.7623,9688933.7592,4423880.7623,NULL,NULL,NULL,NULL,0,0,33,'oracle.sql.BLOB@1238834')",,,,
FRD-054,Secure,Hilton,259,Pitt St,Sydney,NSW,2000,1.9,429,PIT-08,Market and Park,0,0,TRUE,http://www.secureparking.com.au/car-parks/australia/nsw/sydney/hilton-sydney,02 8912 4900,Valet Parking Only,NORTH,WEST,1/09/2016,,,"SDE.ST_GEOMETRY(1,1,9688896.1949,4423237.9937,9688896.1949,4423237.9937,NULL,NULL,NULL,NULL,0,0,33,'oracle.sql.BLOB@f98a16')",,,,
FRD-055,Secure,No 1 Martin Place,159,Pitt St,Sydney,NSW,2000,2.1,368,PIT-05,Hunter and King,0,0,,http://www.secureparking.com.au/car-parks/australia/nsw/sydney/no-1-martin-place,02 8912 4900,,SOUTH,WEST,1/09/2016,,,"SDE.ST_GEOMETRY(1,1,9688930.5706,4423654.7432,9688930.5706,4423654.7432,NULL,NULL,NULL,NULL,0,0,33,'oracle.sql.BLOB@1750e32')",,,,
FRD-056,Wilson,37 Pitt Street,4,Underwood St,Sydney,NSW,2000,2,74,UND-01,Pitt and Dalley,700,1900,,https://www.wilsonparking.com.au/park/2225_37-Pitt-St-Car-Park_68-Underwood-Street-Sydney,02 9006 3200,,WEST,SOUTH,1/09/2016,,,"SDE.ST_GEOMETRY(1,1,9688986.9448,4424279.7834,9688986.9448,4424279.7834,NULL,NULL,NULL,NULL,0,0,33,'oracle.sql.BLOB@1ed0e8e')",,,,
FRD-057,Wilson,Angel Place Car Park,123,Pitt St,Sydney,NSW,2000,2.1,260,PIT-04,Hunter and King,600,0,,https://www.wilsonparking.com.au/park/2189_Angel-Place-Car-Park_123-Pitt-Street-Sydney,02 9006 3200,,SOUTH,WEST,1/09/2016,,,"SDE.ST_GEOMETRY(1,1,9688948.5864,4423826.2619,9688948.5864,4423826.2619,NULL,NULL,NULL,NULL,0,0,33,'oracle.sql.BLOB@1272e4a')",,,,
FRD-058,Wilson,Citigroup Centre,271,Pitt St,Sydney,NSW,2000,2.1,275,PIT-07,Market and Park,600,1900,,https://www.wilsonparking.com.au/park/2126_Citigroup-Centre-Car-Park_271-Pitt-Street-Sydney,02 9006 3200,,NORTH,WEST,1/09/2016,,,"SDE.ST_GEOMETRY(1,1,9688895.1116,4423243.2502,9688895.1116,4423243.2502,NULL,NULL,NULL,NULL,0,0,33,'oracle.sql.BLOB@3999ee')",,,,
FRD-059,Wilson,Market City - Level B2/B3,2,Quay St,Haymarket,NSW,2000,2.2,619,QUA-01,Ultimo and end,0,0,,https://www.wilsonparking.com.au/park/2109_Market-City-Car-Park_2-Quay-Street-Haymarket,02 9006 3200,,NORTH,EAST,1/09/2016,,,"SDE.ST_GEOMETRY(1,1,9688343.1004,4422421.1164,9688343.1004,4422421.1164,NULL,NULL,NULL,NULL,0,0,33,'oracle.sql.BLOB@1fbf7cd')",,,,
FRD-060,Wilson,Market City - Level B1,2,Quay St,Haymarket,NSW,2000,2.2,619,QUA-01,Ultimo and end,100,100,,https://www.wilsonparking.com.au/park/2109_Market-City-Car-Park_2-Quay-Street-Haymarket,02 9006 3200,,NORTH,EAST,1/09/2016,,,"SDE.ST_GEOMETRY(1,1,9688343.1004,4422421.1164,9688343.1004,4422421.1164,NULL,NULL,NULL,NULL,0,0,33,'oracle.sql.BLOB@1b008e7')",,,,
FRD-061,Wilson,Gateway,25,Reiby Pl,Sydney,NSW,2000,2,195,REI-01,Pitt and Loftus,600,1900,,https://www.wilsonparking.com.au/park/2239_Gateway-Car-Park_25-Reiby-Pl-Sydney,02 9006 3200,,NORTH/SOUTH,EAST,1/09/2016,,,"SDE.ST_GEOMETRY(1,1,9689063.6919,4424348.0962,9689063.6919,4424348.0962,NULL,NULL,NULL,NULL,0,0,33,'oracle.sql.BLOB@10f2529')",,,,
FRD-062,Secure,King Street Wharf,1,Shelley St,Sydney,NSW,2000,2.2,154,SHE-01,Sussex and Erskine,600,0,,http://www.secureparking.com.au/car-parks/australia/nsw/sydney/Sydney%20CBD%20Central/king-street-wharf,02 8912 4900,,SOUTH,WEST,1/09/2016,,,"SDE.ST_GEOMETRY(1,1,9688391.0124,4423868.906,9688391.0124,4423868.906,NULL,NULL,NULL,NULL,0,0,33,'oracle.sql.BLOB@ef6a48')",,,,
FRD-064,Secure,132 Sussex Street,132,Sussex  St,Sydney,NSW,2000,1.9,60,SUS-03,Erskine and King,0,0,,http://www.secureparking.com.au/car-parks/australia/nsw/sydney/132-sussex-street,02 8912 4900,Casual Parking Not avaliable/ Call and Book Only,NORTH/SOUTH,EAST,1/09/2016,,,"SDE.ST_GEOMETRY(1,1,9688493.1018,4423634.7673,9688493.1018,4423634.7673,NULL,NULL,NULL,NULL,0,0,33,'oracle.sql.BLOB@1e0d622')",,,,
FRD-066,Wilson,321 Kent Street,86,Sussex  St,Sydney,NSW,2000,2.1,319,SUS-03,Erskine and King,600,0,,https://www.wilsonparking.com.au/park/2236_321-Kent-St-Car-Park_86-Sussex-Street-Sydney,02 9006 3200,,NORTH/SOUTH,WEST,1/09/2016,,,"SDE.ST_GEOMETRY(1,1,9688483.5833,4423784.4143,9688483.5833,4423784.4143,NULL,NULL,NULL,NULL,0,0,33,'oracle.sql.BLOB@1cabf5a')",,,,
FRD-067,Secure,Allianz Centre,186,Sussex  St,Sydney,NSW,2000,2,288,SUS-04,King and Market,0,0,,http://www.secureparking.com.au/car-parks/australia/nsw/sydney/allianz-centre,02 9006 3200,,SOUTH,EAST,1/09/2016,,,"SDE.ST_GEOMETRY(1,1,9688502.5223,4423422.7255,9688502.5223,4423422.7255,NULL,NULL,NULL,NULL,0,0,33,'oracle.sql.BLOB@195b191')",,,,
FRD-068,Wilson,Darling Park,201,Sussex  St,Sydney,NSW,2000,2.1,834,SUS-05,Market and Druitt,600,2200,TRUE,https://www.wilsonparking.com.au/park/2076_Darling-Park-Car-Park_201-Sussex-Street-Sydney,02 9006 3200,,SOUTH,WEST,1/09/2016,,,"SDE.ST_GEOMETRY(1,1,9688499.7158,4423275.8149,9688499.7158,4423275.8149,NULL,NULL,NULL,NULL,0,0,33,'oracle.sql.BLOB@1c7226e')",,,,
FRD-069,Wilson,Novatel,179,Thomas St,Haymarket,NSW,2000,2.1,589,THO-03,Ultimo and Quay,0,0,,https://www.wilsonparking.com.au/park/2108_Novotel-Sydney-Central-Citigate-Car-Park_169179-Thomas-Street-Haymarket,02 9006 3200,,SOUTH,EAST,1/09/2016,,,"SDE.ST_GEOMETRY(1,1,9688344.6608,4422168.0094,9688344.6608,4422168.0094,NULL,NULL,NULL,NULL,0,0,33,'oracle.sql.BLOB@a9c257')",,,,
FRD-070,Wilson,187 Thomas Street,187,Thomas St,Haymarket,NSW,2000,2.1,82,THO-02,Ultimo and Quay,700,0,,https://www.wilsonparking.com.au/park/2195_187-Thomas-St-Car-Park_187-Thomas-Street-Haymarket,02 9006 3200,,NORTH,EAST,1/09/2016,,,"SDE.ST_GEOMETRY(1,1,9688442.9157,4422225.8094,9688442.9157,4422225.8094,NULL,NULL,NULL,NULL,0,0,33,'oracle.sql.BLOB@18cd072')",,,,
FRD-071,Wilson,HSBC Centre,14,Wilmot St,Sydney,NSW,2000,2,137,WIL-01,George and Pitt,700,1900,,https://www.wilsonparking.com.au/park/2130_HSBC-Centre-Car-Park_14-Wilmot-Street-Sydney,02 9006 3200,,EAST,NORTH,1/09/2016,,,"SDE.ST_GEOMETRY(1,1,9688781.7993,4422894.7416,9688781.7993,4422894.7416,NULL,NULL,NULL,NULL,0,0,33,'oracle.sql.BLOB@ddf089')",,,,
FRD-074,Wilson,71 York Street,71,York St,Sydney,NSW,2000,1.9,38,YOR-04,Erskine and King,700,1900,,https://www.wilsonparking.com.au/park/2271_71-York-St-Car-Park_71-York-Street-Sydney-,02 8912 4900,,SOUTH,WEST,1/09/2016,,,"SDE.ST_GEOMETRY(1,1,9688689.0269,4423662.2577,9688689.0269,4423662.2577,NULL,NULL,NULL,NULL,0,0,33,'oracle.sql.BLOB@11e432c')",,,,
FRD-075,Secure,Landmark,22,York St,Sydney,NSW,2000,1.9,29,YOR-05,Erskine and King,700,2000,,http://www.secureparking.com.au/car-parks/australia/nsw/sydney/landmark,02 8912 4900,,SOUTH,EAST,1/09/2016,,,"SDE.ST_GEOMETRY(1,1,9688745.9926,4423675.3795,9688745.9926,4423675.3795,NULL,NULL,NULL,NULL,0,0,33,'oracle.sql.BLOB@1797d5f')",,,,
FRD-076,Wilson,Queen Victoria Building,111,York St,Sydney,NSW,2000,1.95,634,YOR-06,Market and Druitt,600,0,,https://www.wilsonparking.com.au/park/2036_Queen-Victoria-Building-Car-Park_111-York-Street-Sydney,02 9006 3200,,SOUTH,SOUTH,1/09/2016,,,"SDE.ST_GEOMETRY(1,1,9688732.5897,4423347.29,9688732.5897,4423347.29,NULL,NULL,NULL,NULL,0,0,33,'oracle.sql.BLOB@3ad1b')",,,,
FRD-077,Wilson,201 Elizabeth St,190,Casltereagh St,Sydney,NSW,2000,1.9,30,CAS-05,Park and Bathurst,700,1800,TRUE,https://www.wilsonparking.com.au/park/2270_201-Elizabeth-St-Car-Park_201-Elizabeth-Street-Sydney,1800 727 5464,Height restriction is 3.4m on entry level; all other levels are 1.9m high,NORTH,EAST,1/09/2016,,,"SDE.ST_GEOMETRY(1,1,9688998.24,4423061.3022,9688998.24,4423061.3022,NULL,NULL,NULL,NULL,0,0,33,'oracle.sql.BLOB@f07524')",,,,
FRD-078,Wilson,Barangaroo Reserve Car Park,2,Towns Place,Millers Point,NSW,2000,2.2,300,TOW-01,Hickson and Dalgety,0,0,,https://www.wilsonparking.com.au/park/2266_Barangaroo-Reserve-Car-Park_Barangaroo-Point,1800 727 5464,,EAST/WEST,NORTH,1/09/2016,,,"SDE.ST_GEOMETRY(1,1,9688427.8033,4424976.0873,9688427.8033,4424976.0873,NULL,NULL,NULL,NULL,0,0,33,'oracle.sql.BLOB@81c885')",,,,
FRD-079,Wilson,44 Market St,178,Clarence St,Sydney,NSW,2000,1.9,20,CLA-06,King and Market,700,1900,,https://www.wilsonparking.com.au/park/2071_44-Market-St-Car-Park_44-Market-Street-Sydney,1800 727 5464,,NORTH,EAST,1/09/2016,,,"SDE.ST_GEOMETRY(1,1,9688665.4747,4423406.0037,9688665.4747,4423406.0037,NULL,NULL,NULL,NULL,0,0,33,'oracle.sql.BLOB@1f924e1')",,,,
FRD-025,Wilson,Bond One ,20,Windmill St,Walsh Bay,NSW,2000,2.2,173,HIC-02,Towns Pl and Pottinger,600,0,,,,,,,,McGillL,17/MAY/20,"SDE.ST_POINTFROMTEXT(1,1,9688564.4987,4424906.3804,9688564.4987,4424906.3804,NULL,NULL,NULL,NULL,0,0,33,'oracle.sql.BLOB@7c8482')",,17/MAY/20,,17/MAY/20
FRD-177,Secure,Rialto Square,100,Bathurst St,Sydney,NSW,2000,1.8,,,Wilmot St and Park St,600,2200,,"https://www.secureparking.com.au/en-au/car-parks/australia/new-south-wales/sydney/sydney-cbd/rialto-square-car-park#lat=-33.8688197&long=151.2092955&Add=Sydney NSW, Australia&Sort=+Distance&sp=0&ProductTypes=&Entry=2020-09-08T12:00:00&Exit=2020-09-08T14:00:00&D=&A=3&P=24b2dc39-b651-4936-b061-4c18ccfc9ce4&R=8aab130b-7303-43e1-910b-d552db30b870&T=28b14ea7-2189-4e5a-92a2-c0145302fcb2",02 8912 4900,Car park located immediately below the Meriton,EAST,NORTH,17/05/2020,McGillL,17/MAY/20,"SDE.ST_POINTFROMTEXT(1,1,9688852.0683,4422982.6077,9688852.0683,4422982.6077,NULL,NULL,NULL,NULL,0,0,33,'oracle.sql.BLOB@f0f875')",,17/MAY/20,,17/MAY/20
FRD-010,Enacom,Cathedral Street,2,Cathedral St,Sydney,NSW,2000,2.1,355,CAT-01,St Marys and end,600,2200,,http://www.enacon.com.au/,02 9380 8850,,EAST/WEST,NORTH,6/10/2015,McGillL,17/MAY/20,"SDE.ST_POINTFROMTEXT(1,1,9689414.8051,4423239.8328,9689414.8051,4423239.8328,NULL,NULL,NULL,NULL,0,0,33,'oracle.sql.BLOB@17d37fa')",,17/MAY/20,,17/MAY/20
FRD-063,Wilson,Domain,1,St Marys Rd,Sydney,NSW,2000,1.9,1079,STM-01,Cathedral and Riley,600,0,,http://www.domaincarpark.com.au/rates-a-times.html,02 9006 3200,,,NORTH,6/10/2015,McGillL,17/MAY/20,"SDE.ST_POINTFROMTEXT(1,1,9689539.1595,4423258.3536,9689539.1595,4423258.3536,NULL,NULL,NULL,NULL,0,0,33,'oracle.sql.BLOB@f80bc2')",,17/MAY/20,,17/MAY/20
FRD-065,Sun Parking,Sussex Centre,401,Sussex St,Haymarket,NSW,2000,3.25,50,SUS-09,Goulburn and Hay,830,0,,https://www.parkopedia.com.au/parking/carpark/sussex_centre/2000/sydney/?arriving=202005161430&leaving=202005161630,,,SOUTH,WEST,,McGillL,17/MAY/20,"SDE.ST_POINTFROMTEXT(1,1,9688553.5847,4422554.5606,9688553.5847,4422554.5606,NULL,NULL,NULL,NULL,0,0,33,'oracle.sql.BLOB@8eb36a')",,17/MAY/20,,17/MAY/20
FRD-081,ICC Sydney,Exhibition Centre - P1,14 ,Darling Drive,Sydney,NSW,2000,2.2,719,,Pyrmont St and Harbour St,0,0,,https://www.iccsydney.com.au/visit-icc-sydney/Getting-To-ICC-Sydney#parking-information,,,SOUTH,EAST,17/05/2020,McGillL,17/MAY/20,"SDE.ST_POINTFROMTEXT(1,1,9688033.8427,4422923.0763,9688033.8427,4422923.0763,NULL,NULL,NULL,NULL,0,0,33,'oracle.sql.BLOB@e230ee')",,17/MAY/20,,17/MAY/20
FRD-082,ICC Sydney,FIrst State Super Theatre - P2,14,Darling Drive,Sydney,NSW,2000,2.2,107,,Pyrmont St and Harbour St,0,0,,https://www.iccsydney.com.au/Getting-to-ICC-Sydney,,,SOUTH,EAST,17/05/2020,McGillL,17/MAY/20,"SDE.ST_POINTFROMTEXT(1,1,9688078.1605,4422797.3989,9688078.1605,4422797.3989,NULL,NULL,NULL,NULL,0,0,33,'oracle.sql.BLOB@196363a')",,17/MAY/20,,17/MAY/20
FRD-090,Wilson,Jones Bay Wharf,17,Pirrama Rd,Pyrmont,NSW,2009,2.15,104,,Pirrama Rd and Mill St,600,0030,,https://www.wilsonparking.com.au/park/2128_Jones-Bay-Wharf-Car-Park_17-23-Pirrama-Road-Pyrmont,02 9006 3200,,NORTH,WEST,,McGillL,17/MAY/20,"SDE.ST_POINTFROMTEXT(1,1,9687580.0814,4424093.1984,9687580.0814,4424093.1984,NULL,NULL,NULL,NULL,0,0,33,'oracle.sql.BLOB@2f54a3')",,17/MAY/20,,17/MAY/20
FRD-085,Wilson,233 Castlereagh St,324 ,Pitt St,Sydney,NSW,2000,1.8,80,,Liverpool St and Bathurst St,700,1900,,https://www.wilsonparking.com.au/park/2286_233-Castlereagh-St-Car-Park_233-Castlereagh-Street-Sydney-,02 9006 3200,,,,,McGillL,17/MAY/20,"SDE.ST_POINTFROMTEXT(1,1,9688867.6126,4422808.6438,9688867.6126,4422808.6438,NULL,NULL,NULL,NULL,0,0,33,'oracle.sql.BLOB@dbfd')",,17/MAY/20,,17/MAY/20
FRD-086,Secure,255 Elizabeth St,242,Castlereagh St,Sydney,NSW,2000,2,,,Liverpool and Bathurst,700,1900,,https://www.secureparking.com.au/en-au/car-parks/australia/new-south-wales/sydney/sydney-cbd/255-elizabeth-street-car-park,02 8912 4900,,SOUTH,EAST,17/05/2020,McGillL,17/MAY/20,"SDE.ST_POINTFROMTEXT(1,1,9688960.8784,4422827.8261,9688960.8784,4422827.8261,NULL,NULL,NULL,NULL,0,0,33,'oracle.sql.BLOB@13fd214')",,17/MAY/20,,17/MAY/20
FRD-088,Secure,320 Harris St,,Camden Lane,Pyrmont,NSW,2009,2.2,174,,Harris St and Pyrmont St,0,0,,"https://www.secureparking.com.au/en-au/car-parks/australia/new-south-wales/sydney/darling-harbour/harris-street-car-park#lat=-33.87365140000001&long=151.1964852&Add=320 Harris Street, Pyrmont NSW, Australia&Sort=+Distance&sp=0&ProductTypes=&Entry=&Exit=&D=2hrs&A=undefined&P=6d825340-5dcd-4287-873d-0ccad8be2414&R=910342ea-7678-483e-bcab-dcdc4f282746&T=bc388906-d6bb-411b-934e-03f63a35aeb1",02 8912 4900,"Enter via Allen Street, then down Camden Lane",EAST,SOUTH,17/05/2020,McGillL,17/MAY/20,"SDE.ST_POINTFROMTEXT(1,1,9687833.7512,4423130.1132,9687833.7512,4423130.1132,NULL,NULL,NULL,NULL,0,0,33,'oracle.sql.BLOB@1fa7bd5')",,17/MAY/20,,17/MAY/20
FRD-089,The Star,The Star,50,Pyrmont Road,Pyrmont,NSW,2009,2,1087,,Murray St and Jones Bay Rd,0,0,,https://www.star.com.au/sydney/about-us/getting-here-and-parking,(02) 9777 9000,The Star car park is accessible from Edward Street and Pirrama Road,NORTH,WEST,17/05/2020,McGillL,17/MAY/20,"SDE.ST_POINTFROMTEXT(1,1,9687787.7797,4423702.9372,9687787.7797,4423702.9372,NULL,NULL,NULL,NULL,0,0,33,'oracle.sql.BLOB@629ceb')",,17/MAY/20,,17/MAY/20
FRD-083,Wilson,56 Clarence St,,York Lane,Sydney,NSW,2000,1.8,10,,Clarence St and York St,0,0,,https://www.wilsonparking.com.au/park/2307_56-Clarence-St-Car-Park_56-Clarence-Street-Sydney,02 9006 3200,Monthly parking. Entry via York Lane,SOUTH,WEST,,McGillL,17/MAY/20,"SDE.ST_POINTFROMTEXT(1,1,9688662.2294,4423891.4532,9688662.2294,4423891.4532,NULL,NULL,NULL,NULL,0,0,33,'oracle.sql.BLOB@1d62c08')",,17/MAY/20,,17/MAY/20
FRD-084,Wilson,Darling Square,,Zollner Circuit,Sydney,NSW,2000,2.1,151,,Darling Drive and Harbour St,0,0,,https://www.wilsonparking.com.au/park/2301_Darling-Square-Car-Park_Zollner-Circuit-Haymarket,02 9006 3200,,WEST,SOUTH,,McGillL,17/MAY/20,"SDE.ST_POINTFROMTEXT(1,1,9688214.7519,4422586.3933,9688214.7519,4422586.3933,NULL,NULL,NULL,NULL,0,0,33,'oracle.sql.BLOB@947fa2')",,17/MAY/20,,17/MAY/20
FRD-087,Wilson,Harbourside Car Park,100,Murray St,Sydney,NSW,2000,2,1430,,Bunn St and Allen St,0,0,,https://www.harbourside.com.au/centre-info/parking,02 9006 3200,,SOUTH/NORTH,EAST,17/05/2020,McGillL,17/MAY/20,"SDE.ST_POINTFROMTEXT(1,1,9687926.3555,4423317.9677,9687926.3555,4423317.9677,NULL,NULL,NULL,NULL,0,0,33,'oracle.sql.BLOB@15e8f0d')",,17/MAY/20,,17/MAY/20
FRD-092,Sydney Fish Market,Sydney Fish Market,,Bank St,Pyrmont,NSW,2009,,300,,,0,0,,https://www.sydneyfishmarket.com.au/Home/Visit/Parking,,Entry via Bank St,,,,McGillL,17/MAY/20,"SDE.ST_POINTFROMTEXT(1,1,9687364.4456,4423384.1137,9687364.4456,4423384.1137,NULL,NULL,NULL,NULL,0,0,33,'oracle.sql.BLOB@12896bb')",,17/MAY/20,,17/MAY/20
FRD-091,InterPark,The Atrium,2,Edward St,Pyrmont,NSW,2009,2.1,61,,Union St and Pirrama Rd,600,0,,https://www.interpark.com.au/parkings/the-atrium-building-pyrmont/,02 9225 0600,Entry from Union St,NORTH,EAST,,McGillL,17/MAY/20,"SDE.ST_POINTFROMTEXT(1,1,9687822.1756,4423598.4266,9687822.1756,4423598.4266,NULL,NULL,NULL,NULL,0,0,33,'oracle.sql.BLOB@1e17774')",,17/MAY/20,,17/MAY/20
